"transaction_id","project_id","transaction_isodate","transaction_year","transaction_value_code","transaction_currency","transaction_value"
"9XutDc3fxJfAV8ehnfFShZ","35721","","2003","C","USD","48332.33177"
"XPU2Egy6d4ZTgx8CBVZv2d","37417","","2008","C","USD","523850.3484"
"D7ssY7CpHgFXsC4VEUvZfD","35927","","2009","C","USD","60000000.0"
"jK7iPJSAUibdMxreLyB6KS","35956","","2009","C","USD","530000.0"
"APpobWdVFd2fKYz53tLmCf","37408","","2009","C","USD","300000.0"
"DKJHTSGydkeVg6ybXhYCeA","38177","","2010","C","USD","233464030.8"
"49S8MWo8wKr4eN5MiFEUVQ","36031","","2012","C","USD","3782160.975"
"EDqxA8wK7jTXa6BhvbRAKT","39428","","2004","C","USD","45514717.91"
"5FD5oeySS2LQBybiuhKrqG","36003","","2011","C","USD","8289504.114"
"3JUzL7wJFDuD5Zk3aA3CdF","35726","","2004","C","USD","22602975.31"
"oknBZSCnNMd3B7m6LkZUB5","35772","","2005","C","USD","43063166.3"
"7YhSeKGkmRYZaGzMUSv4fJ","35802","","2006","C","USD","1614960.686"
"zBX3i7mhuEvGMisthHTytS","35888","","2008","C","USD","60667589.05"
"M4D6He4EikL4oFWhZSiM6m","35917","","2009","C","USD","600000000.0"
"3D7mnMSAhractMpe9psukb","35922","","2009","C","USD","251000000.0"
"jceQo3GNXWXuRPcKGQw6yb","35960","","2010","C","USD","62288312.0"
"eMchevZQ26qXYuyMptd4af","35958","","2010","C","USD","37187051.94"
"wKhpKQWe82tqTqEAVkvj79","36006","","2011","C","USD","159158479.0"
"GkaNaKuDZjtdRqnq9u8D4h","36005","","2011","C","USD","49737024.68"
"2XEJbzKCMHAZ2Mnq8UMkGE","36125","","2012","C","USD","168096043.4"
"c9RxhtayPLYgkZWRTeNnN4","36183","","2013","C","USD","32110091.74"
"fX2BX2WL3sw6sKcyWTEpDn","36118","","2013","C","USD","7339449.541"
"qMjQz7nUv86yk9KBE5jy8V","36121","","2013","C","USD","4128440.367"
"879XARrgPWpF2cHDJCtSB3","38832","","2014","C","USD","526363636.4"
"B8r2eAjC54HJVADRkKKZp7","36269","","2014","C","USD","9090909.091"
"kdkxoSUwergTLwLLqa3JBB","36267","","2014","C","USD","72727272.73"
"oLh4fVGvYi7oUZoVdge34Z","35856","","2014","C","USD","312954545.5"
"eYAJU2KkzmCprto6M6ivjW","39437","","2014","C","USD","7381220.586"
"hYK5YGHzdjUma2z59SYdrJ","36027","","2012","C","USD","20003429.16"
"J2nocZyKSEEjpcVBrrbmda","30058","","2012","C","USD","1130193.661"
"nr5huARv6vDrMMExABSuUj","30096","","2012","C","USD","168096.0434"
"dAFLpb5t8fPuXHzrJuiJr8","30480","","2011","C","USD","12829147.61"
"d9fqCeSd32qFhqs6yX7UAS","30065","","2011","C","USD","1160530.576"
"yGc3cTYC2AqYrLENWHAdWA","30476","","2011","C","USD","6414573.805"
"FFMv9eBxL2HVx4aAGUfvwG","357","","2010","C","USD","5492699.298"
"mbtZc3VeQTY24nRyWCnFPA","345","","2008","C","USD","2022252.968"
"LoNmcSFhFDPsdUw3YMStsA","31196","","2008","C","USD","265926.2653"
"ykpXysrwwVbh33yBCzocnQ","12298","","2008","C","USD","8478573.629"
"vo9XjR7AKiSRaPFrDN7orV","12292","","2008","C","USD","2182709.785"
"PagZXZugkNa2z6mSsHfTwJ","355","","2008","C","USD","582055.9427"
"XjHwrsCKQa5U6PBdVnoua6","824","","2008","C","USD","1712426.624"
"LrFLH6MHYa3xwJ4mqPqsTA","316","","2007","C","USD","33411382.32"
"t6zTPYSMLadQFG6v8xEHK8","12353","","2007","C","USD","21563674.78"
"PFfkimjLmisc2GtncRLbuU","30064","","2007","C","USD","1568609.499"
"2Kgku2bsFn3CpBSq5ehDZK","319","","2007","C","USD","1290136.826"
"LmigrjT2nzexmBETFszMuF","12324","","2007","C","USD","241126.7838"
"VRo84KMaoMawTgAh3uYWKj","825","","2007","C","USD","4705828.496"
"gb8cPJWbxygvrrSEKRCxme","23098","","2006","C","USD","16892187.41"
"sQCLpxYHW8tm7wxuiCVBCG","91","","2004","C","USD","11919302.31"
"wncP29xoYnNo9TCzzt9Nt6","290","","2003","C","USD","5839327.976"
"NDHZm9MhUYVUY7VhJksuPH","277","","2001","C","USD","76028223.57"
"dtDpqk5Hp8JxgVh9UBqSCA","280","","2001","C","USD","4017885.869"
"bpVccDxoJ4ounvs744YEnh","32031","","2000","C","USD","10250920.85"
"FRiUzZUQa2mBCp6uFLLFeb","32022","","2000","C","USD","10250920.85"
"Lerpubx5NubNTDq4WdUnF9","32065","","2000","C","USD","410036.834"
"xtjymCxVvYhPZ27gKraPDi","32062","","2000","C","USD","2050184.17"
"FUhJ6N2ikFgFpQEyEU5VbR","32078","","2000","C","USD","1025092.085"
"FMT9tFRCUqVDw4zef7T9Kf","32104","","2000","C","USD","410036.834"
"Xa85TBH74fw35Bxu5utjmb","32068","","2000","C","USD","1025092.085"
"YTJN7MVyGuX2R5pkcmxNTN","32025","","2001","C","USD","16071543.48"
"jUtNmuQf2nZqgVVaw8hX7B","38884","","2001","C","USD","200894.2935"
"PHvBMmJXFd9HpHjmkvZ2UJ","32033","","2001","C","USD","133025.2636"
"whs6ho6MKA5oq8pSVLXun8","32037","","2001","C","USD","9040243.205"
"MoTFnGqPNyQQPsk5e7fsBk","32040","","2001","C","USD","3214308.695"
"er7ttgheCQw2xgnkmWrdjK","32038","","2001","C","USD","3296675.356"
"4wFjrFK9MDBcsQMGu9iNED","32026","","2001","C","USD","30134.14402"
"zpKyC5E6NZF3bXz4rF7yNF","32029","","2001","C","USD","110491.8614"
"QG66UHW6ZNwMkvBMgS5tLa","33399","","2002","C","USD","9986374.537"
"BdnNoPhVVaHjqeRAks3rwg","32045","","2002","C","USD","24797.03929"
"H9moLcF9PCsGPni47rWDBe","32034","","2002","C","USD","199727.4907"
"pZ3qd9XDJSttzrEWrUh9kB","32042","","2002","C","USD","178538.6829"
"EHtyjiXa8pQarF2E9bNB8Q","32070","","2002","C","USD","199727.4907"
"dQK2GLdW7zKZP32tMfsECi","32080","","2002","C","USD","25623607.26"
"7Ahdw6Zw3sYoRDim8rkQeg","32087","","2002","C","USD","330627190.5"
"mefbPUmF4aMFmAcUsSXwQj","32095","","2002","C","USD","14979561.81"
"BD99jWKhoeNbiwmfNevj3T","32079","","2002","C","USD","9986374.537"
"Kq32KoxH6RDpCXTbyEK976","32077","","2003","C","USD","38665865.42"
"6M3CLhAhHUi4KP9QFyuSya","32067","","2003","C","USD","32221.55451"
"ocir5dRS8ZtQmUykiiAwSZ","32081","","2003","C","USD","9732213.294"
"u4wNRpuYJijmEXzUQ6Wc5P","32089","","2004","C","USD","75343.25102"
"biihM9a2bXLBUVCDU8ovzJ","38889","","2004","C","USD","364117.7433"
"mkAw9eSfgaHfuJHhPG7Gxh","32083","","2004","C","USD","45514717.91"
"XS8eRipVxBmMSc3XyFVQPZ","32102","","2005","C","USD","43793733.36"
"MS4wstT8VpgUdj7QBfWscL","32063","","2005","C","USD","8758746.672"
"Vt6D543HemPXJ2r6hwNGS7","35662","","2005","C","USD","39426622.27"
"scK8YtVFQeyehe6radkF8K","33160","","2005","C","USD","350349.8669"
"tBkKYf7LHywtdYexijMBD8","33163","","2005","C","USD","14497932.65"
"ta7WGY6aQUW5SNuH5ge6FL","32061","","2005","C","USD","8758746.672"
"xZzYCjUbza5PucbKCCo8k9","33156","","2006","C","USD","16878547.43"
"8igsi626pDdrjnGp7o4MVk","32147","","2006","C","USD","20187.00857"
"q7JQfkg79yJ3TnonAe9oXo","33215","","2006","C","USD","50635.6423"
"EjYUJ2HPaufyLirCfHwAEK","32166","","2006","C","USD","43738518.57"
"ZLLAdiab6wYb9JTEA4wkyA","33057","","2007","C","USD","34348259.34"
"RxSJsfk3yp3CR7RWymgXqC","33058","","2007","C","USD","51913946.32"
"ktdHqDi9RLRNKxeSmkdZDB","32146","","2007","C","USD","21176228.23"
"iyksHnsG7FxJHeJtkxgfwE","32105","","2007","C","USD","49976441.54"
"3jwKWQiz9uqc3MNihwhckM","32153","","2007","C","USD","61933555.78"
"MbwVmFGftTf8modauDwjWH","32239","","2007","C","USD","85337896.86"
"gQqAUaum56yRNy59boLxZe","32126","","2007","C","USD","1491655.968"
"mCdQtjDNgDCp5daZajNuBG","32202","","2007","C","USD","56205596.86"
"VA8rygqVT7Bjbtz9QJnaZH","32162","","2007","C","USD","12548875.99"
"TuJLXbKM787cCoDW4VTfHk","32150","","2007","C","USD","108592554.4"
"STG9GZ7ECAMcVzD8KtJHeV","38785","","2008","C","USD","58443110.78"
"bMRwSDXVVTWbnWrt7PnYgb","33105","","2008","C","USD","73306.6701"
"w7PNRN78LFkiYfJouM4wo","38774","","2008","C","USD","81709.13118"
"6CyYGjcGVDMAZYX7trU88R","32456","","2008","C","USD","14155.77078"
"LbfAgjyG8xUqQLow4fWx65","38772","","2008","C","USD","146613.3402"
"Jw3pXVUJtkCSjtdKYAuXmD","35590","","2008","C","USD","2930750.114"
"KxAKg6ncEuyAB9ed5m6Va4","38749","","2008","C","USD","654812.9355"
"KUCczcw2nt3bUSARwA8YhX","38846","","2008","C","USD","72756.99284"
"DeZ7UzP4St4yZR8fRr4Lac","35272","","2008","C","USD","505563242.1"
"cUex8M9R6sbBYorTksS9pP","32168","","2009","C","USD","92088050.59"
"GDX88ZDhazKcRsRGYC8Nwm","32119","","2009","C","USD","74767807.45"
"Yji2EWbuTUTexCaWmnqncm","32180","","2009","C","USD","15228192.0"
"UjBdvgqrGZb2jLxSypNgH3","38647","","2009","C","USD","14800000.0"
"EHJNZEaCuF28spoTbsCmpX","32149","","2009","C","USD","69592394.37"
"vBqUHgg7cfUmwSnx2H2o3V","33071","","2009","C","USD","50000000.0"
"tVorJ7tAqLFDkhUwHi5Lkb","32176","","2009","C","USD","31014469.0"
"VMUV8MK4mbrEuyRCFfRP24","32156","","2009","C","USD","7700000.0"
"uocGAEoJGBP9ziero7cKJ8","32161","","2009","C","USD","5855301.404"
"PnjTzG2PbAwcDrGzu6Jw8M","32124","","2009","C","USD","2500000.0"
"3NAmjP7BiqrANTHh8eXrQS","32122","","2009","C","USD","712000000.0"
"TQiXKcMJK9Zsj7eox85bh5","38722","","2010","C","USD","8826837.647"
"wSasjhfTG2wpXSyimVvkGd","32187","","2010","C","USD","43694786.03"
"AnpsWrnUVBo3Dv9ypufXXT","32195","","2010","C","USD","49796363.14"
"gkjkj9QVc5E5QCfhVpWE3e","32216","","2010","C","USD","47305276.9"
"Ym56xs65PrcXfxt6nu8C7A","33123","","2010","C","USD","383026635.0"
"EHXq3WsuxAbY9QoJxB2rUC","32217","","2010","C","USD","18593525.97"
"PdkqKMS4yCUzhEgqFF3miQ","35685","","2010","C","USD","464838.1493"
"CBTDRpAYhcQPK4yUK3G8Mo","32190","","2010","C","USD","9296.762985"
"EYZdbDiH57Z2EwYjmYTJ2B","38824","","2010","C","USD","137317.4824"
"LSMVW2pobJbcFknjY37HeA","33098","","2010","C","USD","464838.1493"
"D6SrxUCqAEmwBLWaBb8UNd","32234","","2010","C","USD","46483.81493"
"sYQvoUHVvMriP5BJfq4NHC","32192","","2010","C","USD","518759374.6"
"72KTFqLx7cW9aFcN8AG8dB","35595","","2011","C","USD","37332819.55"
"c5ViGcmfjuMFDSXQs65wqJ","32169","","2011","C","USD","65376529.4"
"UENWEZyNSotXUJRtKQbBnh","33092","","2011","C","USD","37238110.38"
"VyZVwoMAJgvxAF6PFuiYo4","32053","","2011","C","USD","22756691.54"
"tYdWUyS6DU9tBRLkMmXibN","35687","","2011","C","USD","26522593.36"
"hSQb4RjUPpWgiqxwFPKGac","32164","","2011","C","USD","56694073.91"
"BSTPEen5AHkDZAbZnxzZCM","32249","","2011","C","USD","22176081.41"
"atP3aerEEa2X6TqeSJKZdG","35568","","2011","C","USD","43142724.16"
"r9NAzdtMRuwkJfHQzwDJsV","32252","","2011","C","USD","53052.82633"
"d6kWz7zZ94CQbpfpcpcAid","32198","","2011","C","USD","64145.73805"
"ZVHhPmAE5vyBihNqRmGfgn","33077","","2011","C","USD","1243425.617"
"2bvWCtWBGb3tAFMSChCi2o","32241","","2011","C","USD","6414573.805"
"HexKogvh3uz4q2P8vCCGHP","32248","","2011","C","USD","384874.4283"
"2EWBB2kHwXGomKB6tq86Bd","32212","","2011","C","USD","1282.914761"
"JA7SvHFz3T2bxstiMQRJgG","32209","","2011","C","USD","6414573.805"
"a9G3NufQqG3RVHkCfPHAYF","35591","","2012","C","USD","27789467.66"
"8kDhXXSn4T84tAKUUGA7jC","32191","","2012","C","USD","2150053.455"
"KCwyPwChEKxDrMwV6hMxJf","32155","","2012","C","USD","75032526.58"
"GurAnVH3kiJozerdUAQ3JD","33064","","2012","C","USD","47739276.31"
"XcqdMtKQRXnwqEkaYyXpMh","32189","","2012","C","USD","95345651.69"
"QAMEpFk2vnNnezYVQUBsJo","38743","","2012","C","USD","83445901.65"
"UgHj2PNWvWPjNiE7QG55Bf","32160","","2012","C","USD","253825025.5"
"9ajAyDWBoVi3947BvhbTRW","33187","","2012","C","USD","353001691.0"
"fWMMbS6bYogijaawyeNd6k","32232","","2012","C","USD","20171525.2"
"ffP2dggBWEMU7BSeZQ4ud4","32247","","2012","C","USD","390823.3008"
"SaivC5Q7kekHNpjKgSU87H","32174","","2012","C","USD","338713.5274"
"SzwjQMJNT7t6QxhmDX5yi7","35577","","2012","C","USD","132795.8743"
"WBTjvhv2khsGC3Sh8ejS2U","32167","","2012","C","USD","168096.0434"
"6yhyjz67GiDaz2eP8eBWBB","32230","","2012","C","USD","67238417.34"
"aqE3mkXjPHu7YfwctwgoE9","32235","","2012","C","USD","42024010.84"
"VnaqdR54EDtPKQJnqw4RXd","32454","","2008","C","USD","606675.8905"
"Wt4uVzoctXbwitYrmQaQKo","34450","","2004","C","USD","5093203.769"
"6EcJmAB63VYyEtVhSMssuT","36000","","2008","C","USD","75834486.31"
"pwMsrxMoADSJJ8gecyjTeQ","36038","","2008","C","USD","303337.9452"
"isxC892ivFPySRw8rEZABH","39421","","2008","C","USD","50556.32421"
"d73GSdazQBz7ca2BwWb3Qd","36653","","2009","C","USD","3859000.0"
"RJPyzctLbiQurjEfaKUZka","36353","","2010","C","USD","185935.2597"
"6Na9RSsdC7Zm5CJnvj7WjX","36063","","2009","C","USD","292765.0702"
"p4ywWRYKaDEUZnehJxqUK","35945","","2006","C","USD","833.8797063"
"sAALYK9GTmuXB46qzZGau","36792","","2012","C","USD","6723841734.0"
"VD2MKPwsxFkHqTgqkPRDYm","459","","2011","C","USD","6414573.805"
"ndiyo6atcQ94XxWMaVdVYQ","460","","2011","C","USD","298422148.1"
"hVPVHTPkE8DzXRmH9UUgSW","454","","2010","C","USD","9296.762985"
"TwXdRujz7FdUTVjmngw6G","30442","","2010","C","USD","18556338.92"
"BGSyhrYU5xof3n7bK5rQ3n","453","","2009","C","USD","585530.1404"
"p4gysrQ2XHnqC9Vh3jnfXL","31415","","2008","C","USD","2273538.84"
"96ra8YYXSW4V2Mb3Y9efBh","19149","","2008","C","USD","223458953.0"
"iULyFQEwXXinJGuYYfd6d7","134","","2008","C","USD","35650926.49"
"PiNNV9mVxWdwK8CaeUocaj","449","","2008","C","USD","35389426.95"
"cGQHzHduVtWRdrYwKE29BQ","450","","2007","C","USD","7159948645.0"
"8nUQkGiDRQZjLgorn5uaCX","413","","2006","C","USD","1749540.743"
"HR8iM8aeADY2LBvHLNLah8","31652","","2006","C","USD","4037401.714"
"8uPphmx6Y9feYYttQyjbYG","407","","2006","C","USD","6056102.571"
"BP4G8pP4a63R7YHMKqHbYG","19663","","2006","C","USD","2956720.404"
"C6vgnUsiZxJinHEfPzcagJ","76","","2005","C","USD","2368474.146"
"gGTsHzwKXqrcC5bEzyiDyF","438","","2004","C","USD","10923449.36"
"xWT63MznE6nt6Ku4tw8eZa","13059","","2003","C","USD","1167839.224"
"CeBj2e2mjBiLmnm5NgcvXS","432","","2003","C","USD","3892885.318"
"4Hu33aAAxdiR5RBfYpS9ei","31659","","2001","C","USD","22097965.52"
"6znKMeo52qZFEPbUmw5u64","31508","","2000","C","USD","1025004.073"
"xFvChWEfMgyxFvNG2ZRaSh","382","","2000","C","USD","16401473.36"
"BCAoyZaVA7XWjBvZotLf6N","35728","","2003","C","USD","4027694.314"
"bzRWyfCFwkp9DkpNKmT8Xn","35733","","2003","C","USD","4027694.314"
"tKSrLAGmjjvtrAhhpmVeX","35773","","2003","C","USD","1611077.726"
"mU47sgCyMFyzWprhpmU8ZB","36012","","2006","C","USD","1884120.8"
"SyWWJNhNFWZxJCnA6pW9gD","35867","","2009","C","USD","18000000.0"
"mc5esdc95naB7WDCfxyT2J","35851","","2009","C","USD","4300000.0"
"B7YVMB6Zhx3KCr7tVSrWWL","35845","","2009","C","USD","2900000.0"
"CdrNxecXqFDcbitKkebkVE","35844","","2009","C","USD","1400000.0"
"gF2iCPGtXdDyx4dMtb2tKi","35865","","2010","C","USD","929676298.5"
"kXQNEttJAfXHn2csVdtAMa","35943","","2010","C","USD","2746349.649"
"rhthhrhhy5vpwrodY2ntBn","39281","","2012","C","USD","201715252.0"
"5Xei8eAM3N7KeyVLW2ooGb","35848","","2010","C","USD","1564408143.0"
"fDDGn26BpAkJ4hKyD8CHeW","35818","","2010","C","USD","577979754.8"
"KrKNEHF2DeKdZjcZJ2kBYo","35950","","2011","C","USD","1657900823.0"
"QvqfeNaGPrNCozUVAMuvJn","35982","","2011","C","USD","472501734.5"
"49iv6LYZySEteZkUeW4BeK","35977","","2013","C","USD","73394495.41"
"yGKqz2eEtGLJWxQyjHuEES","36002","","2013","C","USD","1284403670.0"
"WzNjgwUkxXEZoJVsPjsB9f","35781","","2004","C","USD","723295209.8"
"piF6HY99ME8DFEySKTtjNd","35815","","2006","C","USD","1614960.686"
"PnvPZ3Gag6PkSG5mZBL9dW","35820","","2009","C","USD","1000000000.0"
"TUNztgqQEP5r4LgHMihvMB","35722","","2002","C","USD","66125438.1"
"iLpx5Ud96aQK4mZQWf5zfE","39424","","2002","C","USD","4959407.857"
"mUZExpeEkVYvHBnzUCmCcB","38675","","2001","C","USD","179584105.8"
"RmMKX2qTiWrEUQRwDJsKqV","33729","","2004","C","USD","2366765.331"
"UezDG7ssDF9XFrZPprgNRh","33752","","2004","C","USD","54464.1293"
"CXvR6T4MP677UeRFErxpwj","33755","","2004","C","USD","1820588.716"
"SSvCpBksLHVx8jgvtGLWeB","33757","","2004","C","USD","345911.8561"
"DXCyhPZsRz5uSABTyrxi9D","33768","","2005","C","USD","124364.9888"
"CH8fcGkPdy3hvfaWLETAFd","33773","","2006","C","USD","2153280.914"
"HERfvMynvs8bpryHDSvCW5","33809","","2006","C","USD","752302519.3"
"8rTPV9JwmXtdSRDNURJAKB","33765","","2006","C","USD","24224410.28"
"eYE8SopwN5NPTQCtKUwBwe","38800","","2006","C","USD","60561025.71"
"AZ9S23uWCSHfDWkpCw8NA7","33815","","2007","C","USD","794425.3394"
"o7odjU6iXSeaKbkTUnzaAA","33800","","2007","C","USD","107399229.7"
"RHUZ25yWhGNPyNkvbJyqhL","33818","","2007","C","USD","59666.23871"
"AqTz2kgAVrRaw7obQwTHWB","38459","","2007","C","USD","119332.4774"
"BTDVDdzKsi47Nx8bNe2tQK","38715","","2007","C","USD","2028652116.0"
"m9V4QBVHK3UyRbCGx8QuLV","38453","","2008","C","USD","101112.6484"
"k7DrQShgBduMSvfiKW3zY8","38461","","2008","C","USD","101112.6484"
"GENH2Cdmv4oZRLSpXCKZL7","33793","","2009","C","USD","44000.0"
"5aUfgwdS3hsTjwZ5vw5ehF","35713","","2010","C","USD","46483814.93"
"JbxLCUE4ufUa4GinxooWqb","33822","","2010","C","USD","95756658.75"
"YHVkXiuDPjarjDVc9gZtgY","35757","","2011","C","USD","57731164.25"
"RD6PEBCnbZ98V3geCkmqXS","35764","","2011","C","USD","285987891.9"
"fLr2YoHRvKE4BK2PGbHrQb","38960","","2011","C","USD","11190.83055"
"kn5oYyzKrGqf6LjJNewyjR","33762","","2011","C","USD","24868.51234"
"BRp4TSeoFrR8ZLFkq5yXaC","33824","","2011","C","USD","75848962.64"
"rhqRLtJUCmahY5D7FwPcn6","33769","","2011","C","USD","828950411.4"
"ayk4YQ873YwLP5rGpTZb5U","38966","","2012","C","USD","92452.82385"
"Q3aH4qoE549V4rKhSMBY5T","35762","","2012","C","USD","265927.9202"
"oYSVEmoEVvTxGGYemTLAXj","35714","","2012","C","USD","554716943.1"
"vfi8o7yEnpkq5KQewnegPc","35711","","2012","C","USD","24752142.38"
"mTTqyzAcBrN9RtjL9WsjqH","33726","","2012","C","USD","4202401084.0"
"NP7miXXzZuouTwuZ3iEQ2a","34079","","2000","C","USD","29703068.26"
"3f8PArpaNPgLpZ7VYuUXmE","34128","","2000","C","USD","254586.8729"
"v7wUBPDNtcaPQoBDjmHqJC","34107","","2000","C","USD","152752123.7"
"GosXxrnMuk3pbbzWQ24Roa","34120","","2000","C","USD","205018417.0"
"fRBbtdotYeeKSCgKmBeRXV","34111","","2000","C","USD","203669498.3"
"jgUTvmn7MYbekREN8K5eBc","34215","","2002","C","USD","119025788.6"
"T5UAAMsjSNKuJ3rm5rWk2Z","34205","","2003","C","USD","322215545.1"
"jHGzycfzQxVWMzAJYcgcmA","34192","","2003","C","USD","19332.93271"
"5YKnNDbLSAMd5pcFUWcwtX","34105","","2003","C","USD","973221.3294"
"GiwoWAYMe3SnW3mnVwGdGS","34190","","2003","C","USD","8055388.628"
"GzqYNyxE26FarvUiYHHe67","34448","","2003","C","USD","9732213.294"
"UjenDR8uQuEmDrTxWj8Za6","34130","","2004","C","USD","30137.30041"
"yE8E6cVhiEBJ9yL9GgfKuZ","34449","","2004","C","USD","2730883.075"
"ACbsKq8mhc6STmqgw6XuG9","34133","","2004","C","USD","5097648.406"
"E5zSkW7mcUaZPUKr5sDV7m","39187","","2005","C","USD","287087.7753"
"Uy2WYX6ihvseC8XtqQjAPH","34135","","2005","C","USD","525524.8003"
"KFoKJsFUbBV4iksTgxdEBh","34275","","2006","C","USD","84392.73717"
"RQhRfoX5MSUVV6hfTALaqG","35767","","2006","C","USD","109682746.6"
"LnVN3wT7YiNkBHt8bLYa6i","34278","","2006","C","USD","40508513.84"
"bYS8yRZicTtB8x67QhzApT","34279","","2006","C","USD","50635642.3"
"6QjAZGqe5PE3wMzG5PAcCD","34269","","2006","C","USD","269160114.3"
"CuaL5LsdsafMrbQtJZYnQY","34271","","2006","C","USD","113047248.0"
"J7EfyME4D3kuCtXA7C7zqD","35826","","2006","C","USD","42392717.99"
"kPwCJaBZDCRfXDCYsCNPiA","34211","","2008","C","USD","505563.2421"
"4PQkKz8b9LfAEV9x8cHScm","34212","","2008","C","USD","505563.2421"
"tyFTU7REYyahQzZRfTczxW","34451","","2008","C","USD","5055632.421"
"bCu9GKnLz9EgSoP8HSqvxk","34291","","2008","C","USD","10111264.84"
"rAqByNDEJSTdXrpPYN9A9Y","34214","","2008","C","USD","4365419.57"
"6uL8yT8cyMpxXEJ9setQE4","34218","","2008","C","USD","252781.621"
"G77PJjLARzSnxUcjk5QyuJ","38436","","2008","C","USD","252781.621"
"WgDHsy3hSzEzUMeNrztyKo","35872","","2008","C","USD","6066.758905"
"ojarPdCRyizQDgwUowJkSe","35785","","2008","C","USD","20222529.68"
"wfzdRepp6UTsvPaWv34cTa","35796","","2008","C","USD","480196152.7"
"EMeEzkNJYz8duGqmTxknbg","38986","","2009","C","USD","8197421.966"
"AFFRG6BFyo3yjfvg9UXpsM","38987","","2009","C","USD","11000.0"
"jFJ3Lqfkx3CWbLM8WJXhEe","38982","","2011","C","USD","41447.52057"
"RTjXdCQ96ptNzCYNLT4gM6","38532","","2012","C","USD","5337049.377"
"iiKgEAwg8kBa6jQVFFPSya","38976","","2012","C","USD","50428.81301"
"ACY4GoAcfFL682MM9aagZD","38978","","2012","C","USD","42024.01084"
"5RmtkppY9bMDGx7WFt4xcM","38537","","2012","C","USD","3988918.803"
"Lx7bimTQGi7swUmXDAP7Ma","34195","","2012","C","USD","840480.2168"
"qJudZxcHJou8EfVMFd9oZJ","36064","","2007","C","USD","2386649548.0"
"bpr6PWZT8XNWGm4cgGzkqm","36061","","2007","C","USD","357997.4323"
"3FM2H8h5zWu9wtz6vtk4NS","35841","","2008","C","USD","101112.6484"
"KvXUYkc454Aztwtvtykgrk","38169","","2009","C","USD","50000000.0"
"evppabb3CyD6RBf6hFk2fF","36352","","2011","C","USD","24868512.34"
"UHEsFavRo4kYtHnjqiXh2g","37518","","2014","C","USD","3980113636.0"
"tfP6sSWr35jBDsAgyyhSqQ","36417","","2014","C","USD","76127.16256"
"JqyA3D6uNVHd7hQqF4mN4e","36420","","2014","C","USD","45454545.45"
"LucWDUYuH2dqzYzi5uNAkd","36258","","2012","C","USD","3988918.803"
"HRNdKfwwV2cAZbhn5Fjd2g","35784","","2002","C","USD","1983763.143"
"gWtmpEWaNu2kZQz4zuCMg7","35836","","2003","C","USD","1933293.271"
"j7qxo53kQWeekAZuRKBxyV","36008","","2006","C","USD","1687854.743"
"8jAENqNdN9UuDwLjDbMp69","36363","","2011","C","USD","124342561.7"
"Fwajpp3YbL9SCqei8sUZaG","39170","","2014","C","USD","10454545.45"
"n3vUhpcBCYXgfCzQs5r2Dd","36351","","2014","C","USD","2952488.235"
"w6PEwfzXSfKnsX3bAko2d7","36364","","2011","C","USD","41447520.57"
"VNCsSo8LLLjNFumvHa9XrR","36419","","2014","C","USD","10333708.82"
"f3iSqTpAW6KJqLVH5BzsPN","30642","","2013","C","USD","7339449.541"
"LS3QUhpuoKWmbUeniKbvoP","30392","","2013","C","USD","1489908.257"
"p5HoZzKueekd3DsgfsQyRX","30637","","2013","C","USD","7465137.615"
"G8rDyM67mw6raCp6BzuzXS","30353","","2012","C","USD","95318214.74"
"2zBPRFwo7UnyZizKkfeX8e","30175","","2012","C","USD","15955675.21"
"vnhbrrnRc27XQs3EAb4BEd","30641","","2012","C","USD","7564321.951"
"wh4rFLLEjr6XowSfCJmpo5","30640","","2012","C","USD","21012005.42"
"ZvmEUwdK4apB5A642md297","30699","","2012","C","USD","6648198.005"
"uqKGpMWD4o8iKmqgonGPsY","30729","","2012","C","USD","6648198.005"
"NUDH7derDuF5oSzyJBkXMb","2021","","2011","C","USD","6414573.805"
"UDzLtaLkkWUMNyya8pEfUJ","2022","","2011","C","USD","6414573.805"
"y9vbTvgcwREGX2gg8Hys2c","17115","","2010","C","USD","10985398.6"
"tsrkmcgwz2cBZUNRf8sgDR","2018","","2010","C","USD","4090575.714"
"Lo8Hftumg4uyhDA5iXSmN5","2020","","2010","C","USD","5578057.791"
"gx5cU8KiP8KbXBDHPCRJZi","2015","","2009","C","USD","5855301.404"
"tKSGymrX5dY4g7cF3aH2MN","2014","","2009","C","USD","32057775.19"
"VkkFkNk6mWAmRJxaM6JXTd","2009","","2009","C","USD","50000000.0"
"dSgMDvYomZbnvL5FffDhgM","1992","","2009","C","USD","70000.0"
"4xoBHKFTPLNowcakr6Jwan","1980","","2008","C","USD","50556.32421"
"mc7jXh3cYhWX7gn7tjBxSf","1978","","2008","C","USD","110940.3648"
"p5ya7dhR4ssqZdP3soGbyA","1984","","2008","C","USD","1455139.857"
"hNYQMQYpxoPkTEwm9pUETB","955","","2008","C","USD","31132584.45"
"9XiLMmM98EDS7Yz2Rd9xw8","1899","","2007","C","USD","190931963.9"
"zGZrtFm7pczMRNLoTYmnWa","30356","","2007","C","USD","596662.3871"
"ZJfSbLvN6Ft48bhMjixxn4","1898","","2007","C","USD","1745408.341"
"98RfojPnXgPoZVg2NLZD9n","16801","","2006","C","USD","6056102.571"
"KCvhVMwYaT8LtTn77QBhpA","1886","","2006","C","USD","10308832.38"
"p8qoxqYGnfzKLeZcrJ9v75","1890","","2006","C","USD","337570.9487"
"RgveTr5GjuCT3R5Tsh47aW","1885","","2006","C","USD","6729.002856"
"59mPGbXjrpgcTdrsFnh89B","1895","","2006","C","USD","3375709.487"
"TdECeeaY6tqLsA3EkzsuPK","1880","","2005","C","USD","77198.6706"
"QxYKzrpMZzpZNDLuaCgYuW","1881","","2005","C","USD","2153158.315"
"9ToSjB8ndKUL6pHsXQbiDE","1802","","2003","C","USD","5992979.778"
"rKvaPGqju3czg3mboQUKB9","17068","","2002","C","USD","9092247.739"
"ckMTTDpmpMXpdF6v3PqA8j","1876","","2001","C","USD","22737216.13"
"YFk25RANv5CSQfcHuaRPpe","1867","","2001","C","USD","4489602.646"
"LyEyeVfA7ooqQBLevwmy3C","1877","","2001","C","USD","6026828.804"
"ZGktnMt8a9cHk5shz44T4V","1874","","2001","C","USD","6005765.165"
"RkQVzZ9HHhFn7qudj2JYL4","1837","","2000","C","USD","4100368.34"
"AAxFyvQQ2pettjogZzXJke","1843","","2000","C","USD","4100368.34"
"bgriLd7LaAdT4duiDZ6hkZ","33736","","2013","C","USD","71084257.06"
"AcnyoJ8WdswH9nMorwrgHH","36072","","2013","C","USD","745205.9004"
"VwfLwTEDV7vJTNuvanKpDZ","30311","","2013","C","USD","4585.882464"
"sSF2RPx8HtR5wPC2APRJTd","30603","","2013","C","USD","369724770.6"
"ra9dyhRCY2JJdpxfvyEE3S","30937","","2013","C","USD","183486238.5"
"RSkLA8KFHvWWmBonUWZKmY","30615","","2013","C","USD","3302752.294"
"WpsCJjramVQYhj2U6CFvDF","30586","","2013","C","USD","261467889.9"
"38RkPchYHDTgdL6S9ZFAHU","30966","","2013","C","USD","124770642.2"
"va9eVsymMZQBWsrJvn6Eea","30183","","2012","C","USD","1029588266.0"
"TWY9sLzhM9M7FJNzk7RRrW","30293","","2012","C","USD","439681269.7"
"aTso9m2UbpasK2ChpDiX3d","30309","","2012","C","USD","7564.320438"
"Ld3P6zG5ttVWzfXRoq39ne","30307","","2012","C","USD","252144.065"
"ewmcxbzMKcrUrL9msz6tqm","1924","","2011","C","USD","53881776.74"
"rAhiQk7umtnTaZ7z3AM5Di","1925","","2011","C","USD","8289504.114"
"R2gCQayyFpKCUxcsBnxHvK","1926","","2011","C","USD","4725017.345"
"eCJnsizQzK7HPX88dqRiui","30938","","2011","C","USD","58026528.8"
"MeLFM3QknpBLH6TXeLqDy6","30437","","2010","C","USD","31051188.37"
"zYYzhYhuJn8CjjzSCYPjiP","680","","2010","C","USD","66049709.06"
"dRFvbaV5UhDg85m6oro6ei","1923","","2010","C","USD","42219.86545"
"7Q5P9B7YL2tVUzR7buDTRh","1917","","2010","C","USD","9296762.985"
"AuTLFPoeXFn8mQdPcej6rj","23220","","2010","C","USD","171518.2034"
"SY6QjYcitJLEALEvg2dASL","1919","","2010","C","USD","4617.797783"
"ve3gtmq4VFeF95Sopho5rb","23150","","2010","C","USD","96122237.71"
"8PFLP2V6Sbatd5dvBEQgVF","14883","","2009","C","USD","5855301.404"
"rXf8CXNuwjd7Pei97zDnh3","1903","","2009","C","USD","21957380.27"
"sf4sNYDzs9C2GsBSAF9dbH","33036","","2009","C","USD","146382.5351"
"gyD2bUggR9st5DfwsX9pUS","1907","","2009","C","USD","219573.8027"
"KE9SHsUMeZyFymxyoVvU7f","1910","","2009","C","USD","4400000.0"
"AQ7ZTszcrbnmiCo8BBa3jD","1905","","2009","C","USD","500000000.0"
"XsaSm6e3mJrXYHxUKw5u7o","33017","","2008","C","USD","8452.039059"
"sKXMs6eU64HRWybFRYHVHA","1800","","2008","C","USD","1516689.726"
"RxWCX9XtNCxN69uVd2BLFk","32996","","2008","C","USD","70778853.89"
"4CiHBPUgAkx3aRit9Qup6g","1906","","2007","C","USD","477329909.7"
"hRhppFifyPCB2sjegCeQf9","32963","","2006","C","USD","13458005.71"
"Ghp3qTWBNFpmDUPPQ4LATG","14910","","2006","C","USD","843927.3717"
"79sYLDeuiY6zscXzjYukEQ","1772","","2006","C","USD","1322257.959"
"5bpxjpYpHWh5Q5VcFSyKmj","14902","","2006","C","USD","506356.423"
"9qRsRSskuYpecMRWBXWTJ7","1522","","2006","C","USD","13502837.95"
"baAUY2zCF78RvJpC2ypb77","1518","","2005","C","USD","179281.3836"
"WqRHSGpn2xaRkxL9GvMZGH","1515","","2005","C","USD","18660.7054"
"hmaKdLrWBZUnwDeVceg3Pe","1428","","2005","C","USD","13636.66933"
"cgjSe8xrJYyxcXqjVXm2To","1521","","2005","C","USD","176738.3852"
"EmNB29tMmWdo3BEC9NK2Xn","1493","","2003","C","USD","322215.5451"
"qprPUDNTXUoyaT6YUERSAg","30017","","2002","C","USD","3762635.911"
"grZ4Rgy8egWFZ674BFnZL5","1373","","2002","C","USD","17102.89051"
"a2GUxgAr5teXXwgUTEhbQD","1374","","2002","C","USD","82656.79762"
"Px8jW2hedNLYS48FLtBUjE","1361","","2001","C","USD","100167415.7"
"G8Ciz8bNtFLPy4Ai9b2kED","14502","","2001","C","USD","379459.9862"
"8br49YrVSJo8FfMsPvJ6QP","1357","","2000","C","USD","3180711.694"
"6PkEBgUyH5bJUobFZf4mb9","115","","2000","C","USD","23113171.64"
"h3uM3a7kJmczaHdSVrRQCn","1359","","2000","C","USD","7784549.294"
"EyCQYeJ4p8wacmxZhbCPja","1360","","2000","C","USD","33944.91639"
"vRfo9A9mDtB2dpScrFWiTe","1783","","2000","C","USD","61493759.42"
"qzhdbozm99gv5HZMAoSXCB","34204","","2000","C","USD","50917.37458"
"G4CnhkqBJS7JGKmxXdaZLF","34068","","2000","C","USD","1607889344.0"
"xkDrn9wyTxpLmakfDUsAYe","34309","","2002","C","USD","6612543810.0"
"6EKWCPj7ETdaioMKDaYT9Z","34762","","2004","C","USD","149853.262"
"AAzjWZK34tduESpYVq4zaT","34862","","2005","C","USD","1299072.183"
"FmzxnvR2QyPwGgczRahtoa","39145","","2005","C","USD","430631.663"
"B9jDAvJgEF2UScWqkwokrV","34863","","2005","C","USD","18393368.01"
"9C3K2m36qjasN6o3MWcccP","34820","","2005","C","USD","41627.72742"
"rnpW58dFamwp3R6NykRtCE","38660","","2006","C","USD","2637815.762"
"ywGcFegny2N4cFXKnhvUcU","34990","","2006","C","USD","4263136.584"
"zh8X4t5kc8yeyHhzJSED79","35096","","2007","C","USD","477329909.7"
"upDdxyXzomH8vU8iq4G7BK","34283","","2007","C","USD","1254887.599"
"79BAU2hSwF2kpzZvo8xkZA","35050","","2008","C","USD","404450593.7"
"BBHMnbwbmsTz3EZTjX6meH","34590","","2009","C","USD","116666.4631"
"jMPyhkZqDTXYnJcBokfGqj","34569","","2009","C","USD","1463825351.0"
"6PVtSv7drYkzfMaz58Tf9Y","34618","","2010","C","USD","1373174.824"
"BQbxgSMDTGYvAMxdzfZQyY","34606","","2010","C","USD","920027.1324"
"uPqfpwzjy8NUEB8kPgUVKQ","34637","","2011","C","USD","2130402.557"
"AbhB6DmnfnkAFZNr8JL89k","35383","","2011","C","USD","24868.51234"
"iCnEN5vNT87Ed4s6xAVtGe","31116","","2013","C","USD","7404610.11"
"rnYnHw6JpHHGaBTPuv9RHP","30257","","2012","C","USD","8740994.254"
"i7GrP42cUzs7DBcNa4nPbS","30240","","2012","C","USD","75643.21951"
"XLaDFpTUxSdVsdYSgR7ikZ","30256","","2012","C","USD","6723841.734"
"fyfhKHZgszmz34W9JsBT6h","30985","","2012","C","USD","109699.4779"
"YrDjqBit58iXViJ5G9aci9","14235","","2011","C","USD","290132644.0"
"MifE28riFoVdT33yByi8UV","30445","","2011","C","USD","12829147.61"
"pQCcXJrbHetCP4rxmJcJY4","14681","","2010","C","USD","92967629.85"
"caNRfxRbufbAnyhXZ2hUnH","14359","","2010","C","USD","371870.5194"
"erhFdUpskjXWnQjPAWeMcE","14612","","2010","C","USD","426935.3602"
"3o8oDQMD9kZHYSCSpGGHwN","14342","","2010","C","USD","2789028.896"
"vWefhbWG3GJtZhsHrSAkr9","35622","","2010","C","USD","13731.74824"
"xbabvpLJd6HqHSGceTJdsd","12253","","2009","C","USD","106000000.0"
"QUHZEyqgbYvMSBa6Tc3taW","12479","","2009","C","USD","5000000.0"
"nRXf42MUqVLdNHQhzBm9GY","30981","","2009","C","USD","4414680.0"
"uoLcEQRoFd2QJHPczR7KkW","12513","","2009","C","USD","750000.0"
"7LR3QAPuPgw7FAEQoNUzVV","30704","","2009","C","USD","700000.0"
"ZXekUWeYbZsaBmb7gXqtF3","12448","","2009","C","USD","300000.0"
"kd5Y7FJvGRrookGnxPU3u5","12360","","2009","C","USD","400000.0"
"oNUMHNCgbqughGfPDCZLmQ","30977","","2009","C","USD","83080.0"
"SZ5PAmZ4TLYvoqjTJ9WUvb","30011","","2009","C","USD","1449187.098"
"pkxut9jDAFHwv5qhNr6Kbn","11579","","2008","C","USD","10264564.76"
"62QECMaKzVevTEdtfAFwR6","11543","","2008","C","USD","5055632.421"
"BAzeYXUgjyXMJKwMgHZNrM","23467","","2008","C","USD","6066758.905"
"GSBmKQazosfna5MpM4Doon","11563","","2008","C","USD","1528052.664"
"JNP8AsuSEzbCi296TZm4yk","2518","","2007","C","USD","20286521.16"
"6ptLXCnxYLWacsCQrYAhXE","12177","","2007","C","USD","484671.4996"
"J5LaAkuBwL7ijLRdMDgMAA","12127","","2007","C","USD","32219768.9"
"8iqJZUia7VBVCNQ7iXvTQL","11347","","2007","C","USD","1384775.713"
"BEBxSsmUi95ai2QG35JgZ9","15400","","2007","C","USD","8114608.464"
"H9xyFSyoGrmAETsMfLbmFG","11465","","2007","C","USD","119332.4774"
"XPpPGuyH6joNXAo9qNx8W9","30986","","2007","C","USD","78628.16937"
"55frwraFaSoi2qWPsZUCea","11391","","2007","C","USD","11933247.74"
"9RVwQutXPrM6QcBBPFoHCi","11413","","2006","C","USD","2459060.262"
"sahQpu4gTXPWBHDXGzhmfd","2514","","2006","C","USD","17635836.99"
"4GvMP5LJtU2gZQzCZPmiwT","2517","","2006","C","USD","13458005.71"
"FJJoqVAnw8nvdPXbWeZxG6","23426","","2006","C","USD","134580.0571"
"UmXiXsqXHwSMf4BPVKhUK9","18629","","2004","C","USD","6707594.157"
"HVFnR4B9YjhaVZeB6ZvGLE","2510","","2004","C","USD","7534325.102"
"VWcd5sMiRRx4Q6dXLefjKd","2511","","2004","C","USD","3917849.053"
"yd7yaEN3CXGSJCmJGEVzRm","2507","","2003","C","USD","402769.4314"
"SGiBnEDGRJbn8ppkjY8Fwf","2502","","2003","C","USD","2335731.191"
"dBwHNaGvjwDkjoomS36VJn","2497","","2003","C","USD","16110.77726"
"fqqB3cYw6C5hSxdetquh2f","2509","","2003","C","USD","5839327.976"
"sZbteKNFctqifFv3vvV9Ln","2498","","2002","C","USD","7839891.454"
"b5KbkAxwekyiwwa46oqfWf","18654","","2002","C","USD","596782.0788"
"VZQYtkWcCvQgnzCEQ2ZkQj","15102","","2001","C","USD","66512631.79"
"2dLFt23Agi2uP9KnmntUgk","2495","","2001","C","USD","83140789.73"
"jSxHJ3GwcUALVdcgNTJbS9","18606","","2001","C","USD","57153421.54"
"SqgD9h2KVwYsffG2geMKWG","18617","","2001","C","USD","710727.3782"
"g8SwgQmSvwu5HywqB8LQ9M","2496","","2001","C","USD","13939868.69"
"XxanSEkr9RA4RTACPrZx78","2501","","2001","C","USD","62320.35656"
"5X6ZuDu8Lyws24rLvqT2N7","2499","","2001","C","USD","16628157.95"
"6DWJRizfBwM5BZdgWNaJ7Q","2489","","2000","C","USD","5431186.622"
"AwwRLgCxNng3QiMU9sfFbV","37918","","2011","C","USD","617236476.3"
"ibVq4ceeSHXnVEpeJHwd2m","38056","","2011","C","USD","414475205.7"
"9TC33kbz6KAuZgd6DopGiC","37941","","2011","C","USD","133461016.2"
"9GGtc7DY2g3nP9zxY2nQch","37920","","2011","C","USD","120032019.6"
"9iWRAUSBTTnr3mQcGrBBn","38163","","2012","C","USD","3361920867.0"
"rPjbDmMs2ere2EfjRx9AEf","38159","","2012","C","USD","6303601.626"
"S3ouHy6wWzLbazEeVU7JBH","38178","","2013","C","USD","47706422.02"
"fY8gH877P6Xxfh698WX2zG","38313","","2014","C","USD","115454545.5"
"NNXQtFsskRFy9ey4SvmWmQ","35833","","2001","C","USD","33256315.89"
"XahM7CgvHQr2VsGsqbSZHc","37944","","2005","C","USD","582788183.9"
"RMphf62rHBs7SJrhTHfdxE","37833","","2010","C","USD","5113219642.0"
"bknGMGK5koeaNTQyzjY2kR","38053","","2011","C","USD","3315801646.0"
"kPNmXn8TQRBRjJ8cTMU8g7","37914","","2011","C","USD","334067015.8"
"xTCcrPL8EDSeMsNABTauzb","38146","","2012","C","USD","1105231485.0"
"ZfesjjQKZCsYCofbN5kvEB","38064","","2013","C","USD","3688073394.0"
"7gd86fLudkNSRR6vHMGSXA","38297","","2013","C","USD","155963302.8"
"C6r8BDqw8Hr7JZNYdjWh74","38290","","2013","C","USD","4587155963.0"
"U77TcFjCxVNQ4aWRbhbBQ9","35885","","2004","C","USD","60274600.82"
"Wny97Cz8eptVWvid4ayAcB","35877","","2004","C","USD","911653.3374"
"r6RqZEUuiW7NUbu5ZDLCGZ","35974","","2006","C","USD","2691601143.0"
"gbk99BHGK8jRFuFbitUJTW","37496","","2009","C","USD","1390000000.0"
"NR4syxvSS882aoM7n9o8oS","37541","","2009","C","USD","1000000000.0"
"mB4haTtZybCXFbbSdVutWg","39431","","2009","C","USD","60000000.0"
"Z9t7pGnAWJJbkkmxrDM3Kd","37807","","2010","C","USD","888770541.4"
"i43xviRyQcaDy9J8ZaKBP6","37940","","2011","C","USD","92842446.08"
"QsFTFbjxXVDEz62r2dUzD6","38293","","2013","C","USD","642201834.9"
"xZcaiypq2A7KXEnrCaC9wf","38316","","2013","C","USD","4587155963.0"
"eYmPodjWVn2TVEXJfcz7WZ","38318","","2014","C","USD","628181818.2"
"GUc7p7bjtTkZA4jajizrdd","38380","","2014","C","USD","3636363636.0"
"VtKg5kU3M3VnS2kmPqBnR7","37289","","2008","C","USD","353894269.5"
"ngSiZpcqiFZwfT3WJn3s3Q","37290","","2008","C","USD","157735731.5"
"oKJ8xxj9HddXV5X7AbJSwW","37809","","2010","C","USD","3718705194.0"
"84EMHCschuuydS6czKtZYj","37838","","2011","C","USD","3315801646.0"
"iwysqW7NJP9Dudr3yZNSyn","34188","","2000","C","USD","18499979.43"
"WgCoKkp7WuPUApbJh4XezT","34187","","2000","C","USD","36151335.95"
"UaTpQTx4R2g8BXDxkmLhDM","34203","","2000","C","USD","33944.91639"
"XTLpBVsmedj7nCBzo4LbKf","39147","","2000","C","USD","84862.29097"
"6QWkTyZC74hoetYVfZUFDT","34207","","2000","C","USD","36321060.54"
"CWqb37jSdeYUyGmhUafbnb","34268","","2001","C","USD","49884.47384"
"w6mPpAr9EmwdJQRRvBJR6F","34328","","2002","C","USD","141343123.9"
"qSSmfbtDHhDdnmhnfXtHuW","34332","","2002","C","USD","3994549.815"
"wU2un58HBrTz4hWXaHvgsS","34474","","2003","C","USD","103108974.4"
"YB6rtL72ibeZYjF5moCyAN","34727","","2003","C","USD","65248647.89"
"5D23AYgjnuXrG8YMdjtqqc","34475","","2003","C","USD","29196639.88"
"76wXHNnFU952wmqBXWiKeK","34587","","2004","C","USD","30137.30041"
"3ksXmp5EtJYW6tZJdX5Tuc","34481","","2004","C","USD","150686.502"
"P9MszBHYPRgKHywS3mKhZ9","34482","","2004","C","USD","36411.77433"
"K3UCJpMX9Q3AnM3zCCQhk6","34478","","2004","C","USD","376716255.1"
"7VjxRjmEcH3NJSMj6HmmC9","34480","","2004","C","USD","150385129.0"
"eUXBU72LgWdREg5PVdMZAH","34613","","2005","C","USD","10510496.01"
"8y8nLVPjk3e3hFSej8aWiT","34897","","2005","C","USD","262762.4002"
"jgjPeC7oDFs9n5XWcudrP4","34663","","2005","C","USD","45934044.05"
"i2G42CTiidYJQNqRXjuioe","34676","","2006","C","USD","302805128.5"
"EqMvJcFqzAX99nLVJ2DhdE","34682","","2006","C","USD","8439273.717"
"4xjpPs6Gk6MRTwpEGGbGZd","38383","","2009","C","USD","178500000.0"
"ho7ZVF27aP7jULyBGUfz6n","34646","","2009","C","USD","300000000.0"
"SfzfqUZ8nTSAYtzhQafzKW","35233","","2010","C","USD","9296.762985"
"ahHHW7pvVBiVyp59uxkiXH","35234","","2010","C","USD","46483.81493"
"etXosce3DoK2rEKk6LjSBC","35236","","2010","C","USD","278902889.6"
"WhfM4w4jXvmpy3yEkKi73W","35268","","2011","C","USD","165790082.3"
"RppHkWVAqH685xyYPzEBHj","35271","","2011","C","USD","24868.51234"
"TiJD9NYu7DEc5EndwUcMoc","38364","","2011","C","USD","1243425617.0"
"FePckDbszk5yKrcysweKbc","38918","","2011","C","USD","4144.752057"
"TkP2Qi7HL8PKgry7iPRMw4","35270","","2011","C","USD","118539908.8"
"zedjB245BisZGvydAZy2S8","35269","","2011","C","USD","38131718.92"
"LPwCLchipYvqRkrVeyodJN","35290","","2012","C","USD","8404.802168"
"w4F52Y3PAbih8rp9AJ4yAP","14393","","2006","C","USD","15190692.69"
"UF726KRhT42tfwKMveoVhg","30108","","2007","C","USD","126492426.1"
"te8hn8z9FgWiHuyyhitKmn","30287","","2012","C","USD","19751285.09"
"95iAEAPo4ExRY5fxJerWh7","845","","2009","C","USD","39900000.0"
"w4Dp8P6FX3QTN4K88ZfYQL","2276","","2006","C","USD","6729002.856"
"uobr3ha3pnwsuovqk4YgPJ","1931","","2011","C","USD","62171280.85"
"N5G8TiNsQYXZJPWVtp2TXc","1364","","2001","C","USD","19921649.28"
"qoYLDqz9itgUCWUDKqCLRc","2302","","2005","C","USD","8899721.035"
"Y5MyC2cbPEHmNLbzwmxpCc","1773","","2006","C","USD","672900.2856"
